SAR Strategy,# of Searcher UAVs,# of Survivors,# of Survivors rescued,Min.Time needed to rescue Survivors,Mean. Time needed to rescue Survivors,Max. Time needed to rescue Survivors,# of Survivors found,Min. Time needed to find Survivors,Mean Time needed to find Survivors,Max. Time needed to find Survivors,Running Time of Simulation,#of beacones,threshold,IdelTime(tenths of a second)
 bmuta,16,32,29,301740,455014,656377,31,10126,342441,658939,51464.7299,8,4,40
 bmuta,16,32,26,301740,433821,626980,28,10126,324932,658939,19593.7256,,,
,,,,,,,,,,,,,,
 bmuta,16,32,31,301740,489243,680720,31,10126,339428,675917,17331.7111,,,
,,,,,,,,,,,,,,
 bmuta,16,32,29,301740,454973,656377,31,10126,338453,658939,22869.7466,,,
,,,,,,,,,,,,,,
 bmuta,16,32,27,301740,442234,656377,30,10126,333158,658939,66721.6277,,,
,,,,,,,,,,,,,,
 bmuta,16,32,31,301740,466609,656377,32,10126,347263,658939,61776.396,,,
,,,,,,,,,,,,,,
 bmuta,16,32,27,301740,441073,628975,29,10126,320229,658939,22744.9458,,,
,,,,,,,,,,,,,,
 bmuta,16,32,30,301740,460994,656377,32,10126,347263,658939,58796.7769,,,
,,,,,,,,,,,,,,
 bmuta,16,32,16,301740,319418,337213,28,10126,313902,620401,16707.7071,,,
,,,,,,,,,,,,,,
 bmuta,16,32,30,301740,460284,635626,31,10126,337295,658939,13322.4854,,,
,,,,,,,,,,,,8,4,80
 bmuta,16,32,31,301740,466609,656377,32,10126,347265,658939,46878.3005,,,
,,,,,,,,,,,,,,
 bmuta,16,32,30,301740,460897,656377,30,10126,327771,656276,10358.4664,,,
,,,,,,,,,,,,,,
 bmuta,16,32,30,301740,460284,635626,31,10126,337297,658939,12292.8788,,,
,,,,,,,,,,,,,,
 bmuta,16,32,29,301740,476126,678467,31,10126,341255,675917,10467.6671,,,
,,,,,,,,,,,,,,
 bmuta,16,32,28,301740,448739,656377,32,10126,347265,658939,46659.8991,,,
,,,,,,,,,,,,,,
 bmuta,16,32,31,301740,466609,656377,32,10126,347265,658939,51433.5297,,,
,,,,,,,,,,,,,,
 bmuta,16,32,30,301740,460897,656377,31,10126,338454,658939,55364.7549,,,
,,,,,,,,,,,,,,
 bmuta,16,32,28,301740,477148,699011,28,10126,315192,675917,11029.2707,,,
,,,,,,,,,,,,,,
 bmuta,16,32,29,301740,455036,656377,31,10126,341943,658939,33509.0148,,,
,,,,,,,,,,,,,,
 bmuta,16,32,29,301740,455026,656377,29,10126,325673,656276,26738.5714,,,
,,,,,,,,,,,,,,
 bmuta,16,32,30,301740,461005,656377,32,10126,347265,658939,47751.9061,,,
,,,,,,,,,,,,8,4,160
 bmuta,16,32,31,301740,466609,656377,31,10126,337213,656276,15584.4999,,,
,,,,,,,,,,,,,,
 bmuta,16,32,30,301740,460984,656377,32,10126,347267,658939,27128.5739,,,
,,,,,,,,,,,,,,
 bmuta,16,32,30,301740,460993,656377,32,10126,347267,658939,39078.2505,,,
,,,,,,,,,,,,,,
 bmuta,16,32,30,301740,461035,656377,31,10126,337213,656276,10966.8703,,,
,,,,,,,,,,,,,,
 bmuta,16,32,30,301740,482862,680248,30,10126,336738,675917,19484.5249,,,
,,,,,,,,,,,,,,
 bmuta,16,32,30,301740,482909,680393,30,10126,332442,675917,10592.4679,,,
,,,,,,,,,,,,,,
 bmuta,16,32,30,301740,460913,656377,31,10126,344255,658939,45770.6934,,,
,,,,,,,,,,,,,,
 bmuta,16,32,29,301740,476156,678709,31,10126,341257,675917,10686.0685,,,
,,,,,,,,,,,,,,
 bmuta,16,32,30,301740,460984,656377,32,10126,347267,658939,19172.5229,,,
,,,,,,,,,,,,,,
 bmuta,16,32,16,301740,319418,337213,28,10126,309936,620401,12636.081,,,
,,,,,,,,,,,,8,4,40
 bmuta,16,64,60,364084,576484,723033,62,6509,505706,716139,70418.8514,,,
,,,,,,,,,,,,,,
 bmuta,16,64,58,364084,559554,724622,60,6509,502360,726411,106860.685,,,
,,,,,,,,,,,,,,
 bmuta,16,64,59,364084,577133,722981,61,6509,502331,726411,109138.2996,,,
,,,,,,,,,,,,,,
 bmuta,16,64,62,364084,562839,723858,62,6509,498661,722330,16255.3042,,,
,,,,,,,,,,,,,,
 bmuta,16,64,56,364084,548676,689092,58,6509,485544,723150,18111.7161,,,
,,,,,,,,,,,,,,
 bmuta,16,64,57,364084,552133,726271,57,6509,484973,722137,25038.1605,,,
,,,,,,,,,,,,,,
 bmuta,16,64,58,364084,554143,728937,58,6509,486878,722387,12979.2832,,,
,,,,,,,,,,,,,,
 bmuta,16,64,53,364084,537895,689092,56,6509,480292,721969,267713.3161,,,
,,,,,,,,,,,,,,
 bmuta,16,64,51,364084,532597,696904,58,6509,493404,715003,68344.0381,,,
,,,,,,,,,,,,,,
 bmuta,16,64,58,364084,560501,719821,59,6509,501749,722346,73866.4735,,,
,,,,,,,,,,,,,,
 bmuta,16,64,59,364084,555350,727371,59,6509,487479,722392,13369.2857,,,
,,,,,,,,,,,,8,4,80
 bmuta,16,64,56,364084,577851,737992,58,6509,497007,716707,41730.2675,,,
,,,,,,,,,,,,,,
 bmuta,16,64,60,364084,558666,730430,62,6509,497059,722255,13884.089,,,
,,,,,,,,,,,,,,
 bmuta,16,64,54,364084,543840,715617,56,6509,487191,723246,68156.8369,,,
,,,,,,,,,,,,,,
 bmuta,16,64,54,364084,560227,717492,56,6509,487744,717226,42213.8706,,,
,,,,,,,,,,,,,,
 bmuta,16,64,52,364084,537288,693453,56,6509,480796,722781,69732.447,,,
,,,,,,,,,,,,,,
 bmuta,16,64,55,364084,543388,682576,60,6509,495567,720905,43259.0773,,,
,,,,,,,,,,,,,,
 bmuta,16,64,56,364084,550398,719131,58,6509,492224,716496,13072.8838,,,
,,,,,,,,,,,,,,
 bmuta,16,64,48,364084,558135,706113,56,6509,485495,718648,103381.8627,,,
,,,,,,,,,,,,,,
 bmuta,16,64,57,364084,549146,724893,57,6509,491636,723743,23883.7531,,,
,,,,,,,,,,,,,,
 bmuta,16,64,52,364084,542139,713911,53,6509,479147,716059,14851.2952,,,
,,,,,,,,,,,,8,4,160
 bmuta,16,64,53,364084,537937,673223,60,6509,495733,718612,33368.6139,,,
,,,,,,,,,,,,,,
 bmuta,16,64,52,364084,525949,664526,61,6509,495376,721012,75566.8844,,,
,,,,,,,,,,,,,,
 bmuta,16,64,51,364084,540815,689387,57,6509,493296,717848,77516.8969,,,
,,,,,,,,,,,,,,
 bmuta,16,64,57,364084,551119,727887,63,6509,503243,723989,13665.6876,,,
,,,,,,,,,,,,,,
 bmuta,16,64,53,364084,538697,670892,59,6509,491131,718534,32978.6114,,,
,,,,,,,,,,,,,,
 bmuta,16,64,57,364084,551589,733528,60,6509,493563,723834,100199.4423,,,
,,,,,,,,,,,,,,
 bmuta,16,64,61,364084,559791,728931,61,6509,496657,723163,13946.4894,,,
,,,,,,,,,,,,,,
 bmuta,16,64,54,364084,539726,678551,60,6509,490327,722056,107437.8887,,,
,,,,,,,,,,,,,,
 bmuta,16,64,58,364084,555575,698499,61,6509,494549,718940,36129.8316,,,
,,,,,,,,,,,,,,
 bmuta,16,64,58,364084,552011,723649,58,6509,494188,718870,16052.5029,,,
,,,,,,,,,,,,16,8,40
 bmuta,16,64,57,621752,681144,740047,60,6509,499328,720197,33275.0133,,,
,,,,,,,,,,,,,,
 bmuta,16,64,57,607827,669796,730858,61,6509,504608,721286,14570.4934,,,
,,,,,,,,,,,,,,
 bmuta,16,64,58,607827,669217,731020,61,6509,497662,721286,24351.7561,,,
,,,,,,,,,,,,,,
 bmuta,16,64,58,607827,668611,729111,59,6509,497602,721286,17191.3102,,,
,,,,,,,,,,,,,,
 bmuta,16,64,56,607827,667242,726431,60,6509,497212,721286,21715.3392,,,
,,,,,,,,,,,,,,
 bmuta,16,64,56,607827,666930,726549,60,6509,496008,721286,11996.4769,,,
,,,,,,,,,,,,,,
 bmuta,16,64,60,607827,671308,733972,61,6509,501983,721286,11200.8718,,,
,,,,,,,,,,,,,,
 bmuta,16,64,49,657936,707185,755736,58,6509,491283,718422,37861.4427,,,
,,,,,,,,,,,,,,
 bmuta,16,64,54,607827,664634,721835,58,6509,492286,721286,12417.6796,,,
,,,,,,,,,,,,,,
 bmuta,16,64,50,607827,661423,714126,56,6509,488108,721358,29468.5889,,,
,,,,,,,,,,,,16,8,80
 bmuta,16,64,52,607603,662845,717124,56,6509,486125,719306,13806.0885,,,
,,,,,,,,,,,,,,
 bmuta,16,64,56,621752,680446,739371,58,6509,488732,720197,25974.1665,,,
,,,,,,,,,,,,,,
 bmuta,16,64,45,607827,655220,701798,58,6509,490996,721286,31168.9998,,,
,,,,,,,,,,,,,,
 bmuta,16,64,50,607827,660635,713738,56,6509,480660,719391,12916.8828,,,
,,,,,,,,,,,,,,
 bmuta,16,64,58,607827,669281,729919,63,6509,504651,721286,32573.0088,,,
,,,,,,,,,,,,,,
 bmuta,16,64,57,607827,668165,728448,60,6509,496791,721286,12495.6801,,,
,,,,,,,,,,,,,,
 bmuta,16,64,57,607827,668817,729350,59,6509,492468,721286,11294.4724,,,
,,,,,,,,,,,,,,
 bmuta,16,64,51,607827,661018,713893,56,6509,488112,721155,53555.1433,,,
,,,,,,,,,,,,,,
 bmuta,16,64,57,607827,667911,728898,59,6509,497503,721286,12339.6791,,,
,,,,,,,,,,,,,,
 bmuta,16,64,54,607827,665674,723803,58,6509,489159,719584,71152.0561,,,
,,,,,,,,,,,,16,8,160
 bmuta,16,64,40,607827,650623,691719,58,6509,492144,720606,24835.3592,,,
,,,,,,,,,,,,,,
 bmuta,16,64,48,621752,671700,722792,55,6509,479030,717480,31325.0008,,,
,,,,,,,,,,,,,,
 bmuta,16,64,52,621752,675667,729652,56,6509,483639,720197,29764.9908,,,
,,,,,,,,,,,,,,
 bmuta,16,64,58,607827,668327,728135,59,6509,495191,721286,12261.6786,,,
,,,,,,,,,,,,,,
 bmuta,16,64,56,607827,667512,728090,60,6509,497224,721286,11793.6756,,,
,,,,,,,,,,,,,,
 bmuta,16,64,60,607827,671430,734309,62,6509,505367,721286,25755.7651,,,
,,,,,,,,,,,,,,
 bmuta,16,64,56,607827,667181,726622,59,6509,494452,721286,11497.2737,,,
,,,,,,,,,,,,,,
 bmuta,16,64,48,657936,707291,755280,60,6509,496747,718422,22994.5474,,,
,,,,,,,,,,,,,,
 bmuta,16,64,53,665543,719489,771646,56,6509,492581,718309,32120.6059,,,
,,,,,,,,,,,,,,
 bmuta,16,64,54,621752,677391,732317,56,6509,486273,717572,12308.4789,,,
,,,,,,,,,,,,8,4,40
 bmuta,16,128,123,66743,362282,722160,124,16636,344579,725899,43352.6779,,,
,,,,,,,,,,,,,,
 bmuta,16,128,118,66743,354932,724696,120,16636,331223,723625,11450.4734,,,
,,,,,,,,,,,,,,
 bmuta,16,128,122,66743,362691,735236,123,16636,341379,732724,24616.9578,,,
,,,,,,,,,,,,,,
 bmuta,16,128,122,66743,366820,755413,124,16636,339595,719464,12870.0825,,,
,,,,,,,,,,,,,,
 bmuta,16,128,122,66743,361041,723833,124,16636,341317,732111,47954.7074,,,
,,,,,,,,,,,,,,
 bmuta,16,128,123,66743,369999,757463,124,16636,340217,719464,14757.6946,,,
,,,,,,,,,,,,,,
 bmuta,16,128,121,66743,356349,721568,123,16636,340419,726262,29437.3887,,,
,,,,,,,,,,,,,,
 bmuta,16,128,122,66743,365799,719999,125,16636,344716,717346,12183.6781,,,
,,,,,,,,,,,,,,
 bmuta,16,128,118,66743,351205,700999,124,16636,341551,728736,74365.6767,,,
,,,,,,,,,,,,,,
 bmuta,16,128,110,66743,323580,648803,122,16636,336526,718181,118061.5568,,,
,,,,,,,,,,,,8,4,80
 bmuta,16,128,122,66743,366047,735372,130,16636,361999,735235,107968.2921,,,
,,,,,,,,,,,,,,
 bmuta,16,128,121,66743,362103,736349,123,16636,340151,732776,25350.1625,,,
,,,,,,,,,,,,,,
 bmuta,16,128,123,66743,363764,738413,125,16636,344511,734401,11544.074,,,
,,,,,,,,,,,,,,
 bmuta,16,128,124,66743,366605,737255,126,16636,348206,734830,100917.0469,,,
,,,,,,,,,,,,,,
 bmuta,16,128,120,66743,365332,736386,122,16636,341108,731399,23088.148,,,
,,,,,,,,,,,,,,
 bmuta,16,128,123,66743,359607,723329,126,16636,345488,727186,18782.5204,,,
,,,,,,,,,,,,,,
 bmuta,16,128,123,66743,346441,732456,124,16636,326104,730354,18720.12,,,
,,,,,,,,,,,,,,
 bmuta,16,128,115,66743,320074,644024,125,16636,328390,721733,70153.6497,,,
,,,,,,,,,,,,,,
 bmuta,16,128,126,66743,349779,720214,127,16636,332134,723681,39078.2505,,,
,,,,,,,,,,,,,,
 bmuta,16,128,125,66743,354196,736058,125,16636,329971,729150,11996.4769,,,
,,,,,,,,,,,,8,4,160
 bmuta,16,128,123,66743,345076,722243,125,16636,328418,730389,13993.2897,,,
,,,,,,,,,,,,,,
 bmuta,16,128,120,66743,339734,712663,122,16636,323251,716977,69092.8429,,,
,,,,,,,,,,,,,,
 bmuta,16,128,116,66743,325888,710456,120,16636,316994,725879,31262.6004,,,
,,,,,,,,,,,,,,
 bmuta,16,128,121,66743,342323,734328,122,16636,320541,720598,13650.0875,,,
,,,,,,,,,,,,,,
 bmuta,16,128,115,66743,319436,660253,125,16636,328107,717492,14492.4929,,,
,,,,,,,,,,,,,,
 bmuta,16,128,120,66743,337373,711320,123,16636,325939,716207,23665.3517,,,
,,,,,,,,,,,,,,
 bmuta,16,128,124,66743,346225,724677,125,16636,329538,726591,13026.0835,,,
,,,,,,,,,,,,,,
 bmuta,16,128,121,66743,339022,708485,125,16636,327276,724610,13119.6841,,,
,,,,,,,,,,,,,,
 bmuta,16,128,124,66743,352550,755051,124,16636,328355,731622,19546.9253,,,
,,,,,,,,,,,,,,
 bmuta,16,128,123,66743,347817,747749,124,16636,326194,727416,15740.5009,,,
,,,,,,,,,,,,16,4,40
 bmuta,16,128,125,280355,506123,818127,128,16636,330987,724411,41839.4682,,,
,,,,,,,,,,,,,,
 bmuta,16,128,123,280355,501044,814374,126,16636,328306,724411,26863.3722,,,
,,,,,,,,,,,,,,
 bmuta,16,128,116,280355,482741,801353,124,16636,321927,724411,17940.115,,,
,,,,,,,,,,,,,,
 bmuta,16,128,76,280355,336092,372992,125,16636,324505,724335,73991.2743,,,
,,,,,,,,,,,,,,
 bmuta,16,128,117,280355,485238,802807,123,16636,322889,724411,20514.1315,,,
,,,,,,,,,,,,,,
 bmuta,16,128,119,280355,490782,806733,121,16636,314697,724411,19328.5239,,,
,,,,,,,,,,,,,,
 bmuta,16,128,120,280355,493362,808698,124,16636,322815,724411,18314.5174,,,
,,,,,,,,,,,,,,
 bmuta,16,128,76,280355,336092,372992,125,16636,322322,724335,67486.0326,,,
,,,,,,,,,,,,,,
 bmuta,16,128,119,280355,490589,806738,126,16636,328351,724411,18236.5169,,,
,,,,,,,,,,,,,,
 bmuta,16,128,118,280355,487817,803823,123,16636,318998,722858,14960.4959,,,
,,,,,,,,,,,,16,4,80
 bmuta,16,128,76,280355,336092,372992,125,16636,324191,724335,74240.8759,,,
,,,,,,,,,,,,,,
 bmuta,16,128,118,280355,488132,805090,125,16636,324259,724411,16130.5034,,,
,,,,,,,,,,,,,,
 bmuta,16,128,76,280355,336092,372992,124,16636,321051,724335,73772.8729,,,
,,,,,,,,,,,,,,
 bmuta,16,128,76,280355,336092,372992,121,16636,314690,724335,75301.6827,,,
,,,,,,,,,,,,,,
 bmuta,16,128,121,280355,495944,810612,127,16636,330578,724411,17222.5104,,,
,,,,,,,,,,,,,,
 bmuta,16,128,119,280355,490783,807425,125,16636,326166,724411,14196.091,,,
,,,,,,,,,,,,,,
 bmuta,16,128,76,280355,336092,372992,125,16636,323117,724335,76346.8894,,,
,,,,,,,,,,,,,,
 bmuta,16,128,122,280355,498627,812781,127,16636,328678,724411,19905.7276,,,
,,,,,,,,,,,,,,
 bmuta,16,128,120,280355,493534,808967,125,16636,323829,724411,18704.5199,,,
,,,,,,,,,,,,,,
 bmuta,16,128,76,280355,336092,372992,125,16636,326775,724335,77142.4945,,,
,,,,,,,,,,,,16,4,160
 bmuta,16,128,75,280355,335626,372992,124,16636,322783,724449,70668.453,,,
,,,,,,,,,,,,,,
 bmuta,16,128,76,280355,336092,372992,122,16636,316821,718316,80371.7152,,,
,,,,,,,,,,,,,,
 bmuta,16,128,126,280355,485697,763946,127,16636,327951,721920,13556.4869,,,
,,,,,,,,,,,,,,
 bmuta,16,128,124,280355,481252,759863,127,16636,327833,721920,12979.2832,,,
,,,,,,,,,,,,,,
 bmuta,16,128,117,280355,465275,747138,127,16636,328259,721920,16333.3047,,,
,,,,,,,,,,,,,,
 bmuta,16,128,123,280355,478995,758026,127,16636,327833,721920,12994.8833,,,
,,,,,,,,,,,,,,
 bmuta,16,128,118,280355,481343,786064,121,16636,312683,719744,14086.8903,,,
,,,,,,,,,,,,,,
 bmuta,16,128,76,280355,336092,372992,120,16636,314503,718316,78374.9024,,,
,,,,,,,,,,,,,,
 bmuta,16,128,120,280355,472116,752446,123,16636,321228,721772,16036.9028,,,
,,,,,,,,,,,,,,
 bmuta,16,128,119,280355,469832,751033,125,16636,324810,721920,16879.3082,,,
,,,,,,,,,,,,16,8,40
 bmuta,16,128,96,202810,322887,477170,125,16636,330959,722761,67626.4335,,,
,,,,,,,,,,,,,,
 bmuta,16,128,123,202810,392799,735837,124,16636,334275,727996,15397.2987,,,
,,,,,,,,,,,,,,
 bmuta,16,128,94,202810,319978,474981,124,16636,329430,726994,65130.4175,,,
,,,,,,,,,,,,,,
 bmuta,16,128,121,202810,381702,681802,126,16636,334568,724743,56659.5632,,,
,,,,,,,,,,,,,,
 bmuta,16,128,96,202810,322887,477170,125,16636,332704,722761,60777.9896,,,
,,,,,,,,,,,,,,
 bmuta,16,128,120,202810,379303,671986,124,16636,329854,721986,16270.9043,,,
,,,,,,,,,,,,,,
 bmuta,16,128,96,202810,322887,477170,125,16636,331451,722761,62899.6032,,,
,,,,,,,,,,,,,,
 bmuta,16,128,124,202810,393110,731417,125,16636,330998,730849,14820.095,,,
,,,,,,,,,,,,,,
 bmuta,16,128,126,202810,400245,753540,127,16636,335538,729176,15522.0995,,,
,,,,,,,,,,,,,,
 bmuta,16,128,116,202810,370140,666420,125,16636,334874,731750,15147.6971,,,
,,,,,,,,,,,,16,8,80
 bmuta,16,128,123,202810,395492,752870,123,16636,329427,729195,20280.13,,,
,,,,,,,,,,,,,,
 bmuta,16,128,118,202810,385876,682482,124,16636,331581,727419,59904.384,,,
,,,,,,,,,,,,,,
 bmuta,16,128,109,202810,349435,548863,124,16636,329932,729951,13993.2897,,,
,,,,,,,,,,,,,,
 bmuta,16,128,119,202810,384089,740500,122,16636,326450,728529,12355.2792,,,
,,,,,,,,,,,,,,
 bmuta,16,128,96,202810,322896,477210,126,16636,333090,722761,78764.9049,,,
,,,,,,,,,,,,,,
 bmuta,16,128,115,202810,373808,654803,124,16636,328786,725671,68188.0371,,,
,,,,,,,,,,,,,,
 bmuta,16,128,107,202810,345867,556369,124,16636,332158,728857,76752.492,,,
,,,,,,,,,,,,,,
 bmuta,16,128,122,202810,390872,752593,123,16636,325752,727597,16692.107,,,
,,,,,,,,,,,,,,
 bmuta,16,128,124,202810,396715,745865,125,16636,330882,726390,13150.8843,,,
,,,,,,,,,,,,,,
 bmuta,16,128,94,202810,319984,475092,123,16636,328007,726680,71620.0591,,,
,,,,,,,,,,,,16,8,160
 bmuta,16,128,120,202810,403541,767970,125,16636,332603,724556,14352.092,,,
,,,,,,,,,,,,,,
 bmuta,16,128,109,202810,349040,555058,127,16636,335987,732318,18969.7216,,,
,,,,,,,,,,,,,,
 bmuta,16,128,109,202810,349040,555058,122,16636,322829,732318,13634.4874,,,
,,,,,,,,,,,,,,
 bmuta,16,128,115,202810,369490,679276,121,16636,325562,730388,13790.4884,,,
,,,,,,,,,,,,,,
 bmuta,16,128,123,202810,406259,755693,124,16636,330534,722125,12604.8808,,,
,,,,,,,,,,,,,,
 bmuta,16,128,121,202810,400227,750247,122,16636,329838,727951,12214.8783,,,
,,,,,,,,,,,,,,
 bmuta,16,128,109,202810,349040,555058,126,16636,334076,732318,14118.0905,,,
,,,,,,,,,,,,,,
 bmuta,16,128,124,202810,400477,737694,125,16636,336454,731928,11856.076,,,
,,,,,,,,,,,,,,
 bmuta,16,128,109,202810,349040,555058,125,16636,330752,732318,13759.2882,,,
,,,,,,,,,,,,,,
 bmuta,16,128,124,202810,400471,764706,126,16636,334853,732368,17066.5094,,,
,,,,,,,,,,,,32,4,40
 bmuta,16,128,0,0,0,0,125,16636,317066,709690,17175.7101,,,
,,,,,,,,,,,,32,8,40
 bmuta,16,128,0,0,0,0,124,16636,317722,710961,15210.0975,,,
,,,,,,,,,,,,32,16,40
 bmuta,16,128,102,361231,458798,529393,121,16636,315391,727925,51963.9331,,,
,,,,,,,,,,,,,,
 bmuta,16,128,120,361231,492319,687702,126,16636,328387,729574,16489.3057,,,
,,,,,,,,,,,,,,
 bmuta,16,128,95,361231,453966,520740,122,16636,319725,723604,73367.2703,,,
,,,,,,,,,,,,,,
 bmuta,16,128,96,361231,454750,522814,125,16636,324983,721174,74256.476,,,
,,,,,,,,,,,,,,
 bmuta,16,128,98,361231,456218,525520,122,16636,319562,724411,80059.7132,,,
,,,,,,,,,,,,,,
 bmuta,16,128,102,361231,458698,529252,124,16636,323297,727627,70528.0521,,,
,,,,,,,,,,,,,,
 bmuta,16,128,102,361231,458656,530335,125,16636,324383,722301,65770.0216,,,
,,,,,,,,,,,,,,
 bmuta,16,128,102,361231,458801,530563,124,16636,322238,722300,70091.2493,,,
,,,,,,,,,,,,,,
 bmuta,16,128,122,361231,509115,773789,134,16636,351569,733472,12963.6831,,,
,,,,,,,,,,,,,,
 bmuta,16,128,95,361231,454002,520508,123,16636,322812,727883,77579.2973,,,
,,,,,,,,,,,,32,16,80
 bmuta,= 16,= 128,123,361231,494199,697965,125,16636,324900,733477,90464.9799

 bmuta,= 16,= 128,103,361231,459506,531719,124,16636,322408,722844,67080.43

 bmuta,= 16,= 128,115,361231,485518,678873,126,16636,326111,728208,13494.0865

 bmuta,= 16,= 128,122,361231,493687,697759,127,16636,328136,720840,13322.4854

 bmuta,= 16,= 128,121,361231,491948,695860,127,16636,329179,727293,58687.5762

 bmuta,= 16,= 128,98,361231,455977,524949,125,16636,327252,723708,68702.8404

 bmuta,= 16,= 128,101,361231,462246,534931,119,16636,312336,724019,67985.2358

 bmuta,= 16,= 128,103,361231,459454,530492,128,16636,332347,730588,104380.2691

 bmuta,= 16,= 128,120,361231,503658,757280,126,16636,326311,722462,15849.7016

 bmuta,= 16,= 128,101,361231,458390,529208,126,16636,327869,728027,57564.369

 bmuta,= 16,= 128,119,361231,488498,692122,126,16636,326317,731998,68890.0416

 bmuta,= 32,= 2048, bmuta,= 32,= 2048, bmuta,= 32,= 2048, bmuta,= 32,= 2048, bmuta,= 32,= 2048, bmuta,= 16,= 32,26,301740,438651,720084,28,10126,321077,658939,16629.7066

 bmuta,= 16,= 64,57,364084,553224,724760,57,6509,492763,719861,15428.4989

 bmuta,= 32,= 32,32,282087,311909,334049,32,2581,187957,326956,14414.4924

 bmuta,= 32,= 64,64,156475,252201,362940,64,22110,220907,348121,14133.6906

 bmuta,= 16,= 128,120,66743,339478,734917,121,16636,319659,728265,17721.7136

 bmuta,= 16,= 256,236,116924,446042,746163,237,1134,430633,751610,114629.5348

 bmuta,= 16,= 128,127,66743,354358,735579,128,16636,337004,733244,13915.2892

 bmuta,= 16,= 128,122,66743,346849,733066,123,16636,324543,730580,14960.4959

 bmuta,= 32,= 256,255,4495,183950,378965,255,825,175495,376926,17768.5139

 bmuta,= 32,= 2048,1939,823,333281,517268,1986,0,334724,517167,308039.5746

 bmuta,= 32,= 2048, bmuta,= 32,= 2048, bmuta,= 32,= 2048, bmuta,= 32,= 2048, bmuta,= 32,= 2048, bmuta,= 32,= 2048, bmuta,= 128,= 2096,2096,86941,151084,213653,2096,0,41847,89680,36675.8351

 bmuta,= 128,= 4096,2096,86941,151084,213653,2096,0,41847,89680,43118.6764

 bmuta,= 128,= 4096, bmuta,= 128,= 4096, bmuta,= 128,= 4096, bmuta,= 128,= 4096, bmuta,= 128,= 4096, bmuta,= 128,= 4096, bmuta,= 128,= 4096, bmuta,= 128,= 4096,1567,7226,97081,148046,4096,0,44217,112336,962541.7701

 bmuta,= 128,= 4096,4057,4946,137439,235779,4096,0,64824,196155,589558.9792

 bmuta,= 128,= 4096, bmuta,= 128,= 4096, bmuta,= 128,= 4096,2090,7226,105024,148081,4096,0,44217,112336,31917.8046

 bmuta,= 128,= 4096,2090,7226,105024,148081,4096,0,44217,112336,38329.4457

 liam,= 128,= 4096,4096,58,96160,199127,4096,58,96160,199127,34913.0238

 bmuta,= 32,= 64,64,358924,363525,368133,64,6489,134791,316514,14024.4899

 bmuta,= 32,= 128,128,358614,368076,377306,128,3092,163571,321424,16426.9053

 bmuta,= 32,= 256,253,358841,374990,388560,256,1,171699,340757,12636.081

 bmuta,= 32,= 256,255,102011,235861,373106,256,1,189817,380758,85940.9509

 bmuta,= 32,= 256,255,102011,235861,373106,256,1,189817,380758,72930.4675

 bmuta,= 32,= 256,255,102011,235861,373106,256,1,189817,380758,80558.9164

 bmuta,= 32,= 256, bmuta,= 32,= 256,255,102011,235861,373106,256,1,189817,380758,114489.1339

 bmuta,= 32,= 256, bmuta,= 32,= 256, bmuta,= 32,= 256, liam,= 32,= 256,256,2923,224697,450759,256,2923,224697,450759,12589.2807

 bmuta,= 32,= 256, bmuta,= 32,= 256,255,102011,235861,373106,256,1,189817,380758,53024.7399

 bmuta,= 32,= 256, bmuta,= 32,= 256, bmuta,= 32,= 256, bmuta,= 32,= 256, bmuta,= 32,= 256, bmuta,= 32,= 32,32,359015,361929,364566,32,19880,150559,293832,41121.8636

 bmuta,= 16,= 128,120,81942,436718,729601,121,3710,417547,727248,51839.1323

 bmuta,= 16,= 128,118,81942,439651,734078,118,3710,418360,720329,49592.7179

 bmuta,= 16,= 128,121,81942,444107,734335,121,3710,422752,724071,40497.8596

 bmuta,= 16,= 256,247,45797,384074,755110,248,1339,373986,752613,150618.9655

 bmuta,= 16,= 256, bmuta,= 16,= 256,249,243420,435288,754463,249,1339,335636,751118,75754.0856

 bmuta,= 16,= 256,246,243420,433184,755260,246,1339,331510,748001,61323.9931

 bmuta,= 16,= 256, bmuta,= 16,= 256,238,152644,403796,753311,241,1339,365203,751547,178948.7471

 bmuta,= 16,= 256,236,152644,400823,754044,236,1339,355901,744612,59061.9786

 bmuta,= 16,= 128,109,643151,711620,733188,123,3710,380934,657271,87282.5595

 bmuta,= 32,= 32,32,359015,361929,364566,32,19880,150559,293832,33181.4127

 bmuta,= 32,= 32,32,359015,361929,364566,32,19880,150559,293832,53789.1448

 bmuta,= 16,= 128,116,81942,442248,733489,117,3710,420521,728630,49265.1158

 bmuta,= 16,= 128,119,81942,436943,734215,119,3710,415131,727429,57923.1713

 bmuta,= 16,= 256,238,45797,371202,749287,239,1339,360359,747083,55380.355

 bmuta,= 32,= 128,128,94291,212719,370129,128,3092,174756,350639,57221.1668

 bmuta,= 32,= 256, bmuta,= 32,= 128,128,94291,212719,370129,128,3092,174756,350639,52088.7339

 bmuta,= 32,= 256, bmuta,= 32,= 256, liam,= 32,= 256,255,2396,231044,456048,255,2396,231044,456048,65348.8189

 liam,= 32,= 256, bmuta,= 32,= 256,255,178152,287949,380024,256,1,175136,379687,272206.1449

 bmuta,= 32,= 256, bmuta,= 32,= 256, bmuta,= 32,= 256, bmuta,= 32,= 256, bmuta,= 32,= 256, bmuta,= 16,= 128,108,643151,711324,733325,123,3710,383950,657271,54381.9486

 bmuta,= 32,= 256, bmuta,= 32,= 256, bmuta,= 32,= 256, bmuta,= 32,= 256, bmuta,= 32,= 256, bmuta,= 32,= 256, bmuta,= 32,= 256, bmuta,= 32,= 256, bmuta,= 32,= 128,128,358614,368076,377306,128,3092,163571,321424,37065.8376

 bmuta,= 16,= 32,23,716031,718154,719818,30,6078,263265,580444,44054.6824

 bmuta,= 16,= 32,32,69561,400519,720533,32,6078,305249,671641,69997.6487

 bmuta,= 16,= 32,32,69561,400519,720533,32,6078,305249,671641,42837.8746

 bmuta,= 16,= 64,61,235064,444031,724037,62,19881,384823,721935,59592.382

 bmuta,= 16,= 64,60,235064,438848,725601,60,19881,374112,722313,74911.6802

 bmuta,= 16,= 64, bmuta,= 16,= 64,60,235064,447611,726078,60,19881,380298,719938,60621.9886

 bmuta,= 16,= 64,60,235064,439358,725608,60,19881,375899,721583,62650.0016

 bmuta,= 16,= 64,48,716039,721137,725256,63,19881,322568,643679,38142.2445

 bmuta,= 16,= 64,51,716152,721115,725272,61,19881,319835,643679,47985.9076

 bmuta,= 16,= 64,60,417633,504586,724518,62,19881,329084,664715,51464.7299

 bmuta,= 16,= 64,63,346536,465693,725175,63,19881,339857,694587,62181.9986

 bmuta,= 16,= 64,61,346536,457195,725104,63,19881,338391,694587,52197.9346

 bmuta,= 16,= 64,62,346536,461491,724815,62,19881,335387,694587,74942.8804

 bmuta,= 16,= 64,61,346536,457178,724791,61,19881,330438,694587,56987.1653

 bmuta,= 32,= 32,32,359015,361929,364566,32,19880,150559,293832,49717.5187

 bmuta,= 32,= 64,64,299027,349694,366834,64,6489,134791,316514,64459.6132

 bmuta,= 32,= 64,64,299027,349694,366834,64,6489,134791,316514,58671.9761

 bmuta,= 16,= 128,117,111022,431479,734207,120,3710,397833,731603,75083.2813

 bmuta,= 16,= 128,124,111022,435382,735159,125,3710,400705,708749,84006.5385

 bmuta,= 16,= 128, bmuta,= 16,= 128,119,111022,425107,712238,120,3710,389152,709426,23290.9493

 bmuta,= 16,= 128,115,111022,423982,732558,117,3710,389589,730567,23634.1515

 bmuta,= 16,= 128,118,111022,428064,708456,119,3710,393184,708355,25428.163

 bmuta,= 16,= 128,122,370154,512976,734386,124,3710,397357,707986,23883.7531

 bmuta,= 16,= 128,121,81942,440266,734353,121,3710,417225,728080,25537.3637

 bmuta,= 16,= 128,112,646460,712624,732698,120,3710,379387,657271,26738.5714

 bmuta,= 16,= 128,112,643151,701653,731982,125,3710,385271,664504,24055.3542

 bmuta,= 16,= 128,123,370154,510256,681655,123,3710,391457,676545,25006.9603

 bmuta,= 16,= 128,119,370154,513749,733691,121,3710,395182,707090,47517.9046

 bmuta,= 16,= 128,122,370154,513255,733698,123,3710,395631,700841,62681.2018

 bmuta,= 16,= 128,126,370154,515886,687896,127,3710,399446,687795,24195.7551

 bmuta,= 16,= 256, bmuta,= 16,= 256,244,287501,444751,757076,246,1339,303973,742726,29359.3882

 bmuta,= 16,= 256,242,287501,439131,754245,246,1339,292343,752137,27846.1785

 bmuta,= 16,= 256,246,287501,454273,757894,251,1339,313456,748591,27970.9793

 bmuta,= 16,= 256,250,287501,447322,756348,252,1339,311421,752013,27081.7736

 bmuta,= 16,= 256,249,287501,457286,757594,254,1339,316298,737832,27066.1735

 bmuta,= 16,= 256,244,243420,431099,754759,245,1339,329064,748187,27097.3737

 bmuta,= 16,= 256,245,243420,429928,754175,245,1339,328238,749263,31247.0003

 bmuta,= 16,= 256, bmuta,= 16,= 256, bmuta,= 16,= 256, bmuta,= 16,= 256, bmuta,= 16,= 256, bmuta,= 16,= 256,231,152644,398336,753016,234,1339,356224,750539,32370.2075

 bmuta,= 16,= 256,246,152644,409422,755202,246,1339,368955,752179,32838.2105

 bmuta,= 16,= 256,238,152644,400405,753625,238,1339,358662,743185,32791.4102

 bmuta,= 16,= 256,242,152644,405128,753129,244,1339,366634,749226,68266.0376

 bmuta,= 32,= 128,128,281887,341244,370797,128,3092,164280,365343,23946.1535

 bmuta,= 32,= 128,127,281887,341029,370797,128,3092,164280,365343,70418.8514

 bmuta,= 32,= 128, bmuta,= 16,= 256,238,45797,380741,753918,238,1339,367031,751851,33665.0158

 bmuta,= 32,= 128,128,94291,206260,369530,128,3092,169361,368746,28704.184

 bmuta,= 32,= 256,256,66171,219662,381942,256,1,206475,380219,34351.4202

 bmuta,= 32,= 2048,2003,23035,320877,530644,2010,0,267156,513980,56846.7644

 bmuta,= 32,= 2048,1993,23035,318112,529689,2003,0,266271,525583,214875.7774

 bmuta,= 32,= 2048,2010,23035,321033,533743,2019,0,267628,522145,57221.1668

 bmuta,= 32,= 2048,1996,23035,319554,530020,2007,0,266805,521435,59857.5837

 bmuta,= 32,= 2048,2001,23035,319313,529457,2011,0,267539,524466,58484.7749

 bmuta,= 32,= 2048,2003,23035,320657,531038,2012,0,268084,521427,57408.368

 bmuta,= 32,= 2048,2017,23035,322395,533511,2019,0,268456,516076,17160.11

 bmuta,= 128,= 4096,4096,4946,137927,239056,4096,0,64824,196155,26769.7716

 bmuta,= 128,= 4096,4096,4946,137927,239056,4096,0,64824,196155,26176.9678

 bmuta,= 32,= 2048,2018,23035,320810,530859,2026,0,269018,526769,19016.5219

 bmuta,= 32,= 2048,2011,23035,320957,531452,2018,0,268229,521463,18579.7191

 bmuta,= 32,= 256,251,358841,374967,388559,256,1,171699,340757,8564.4549

 bmuta,= 32,= 256,256,358841,375119,388863,256,1,171699,340757,8002.8513

 bmuta,= 32,= 256,253,358841,374962,388463,256,1,171699,340757,8236.8528

 bmuta,= 32,= 256,254,358841,374989,388405,256,1,171699,340757,8626.8553

 bmuta,= 32,= 256,255,358841,375039,388549,256,1,171699,340757,8767.2562

 bmuta,= 32,= 128,128,358614,368076,377306,128,3092,163571,321424,8127.6521

 bmuta,= 16,= 32,25,716293,718271,720346,30,6078,270437,618063,20077.3287

 bmuta,= 16,= 32,28,716031,718445,720928,32,6078,284109,618063,20919.7341

 bmuta,= 16,= 32, bmuta,= 16,= 32, bmuta,= 16,= 32,26,716031,718691,720907,32,6078,284109,618063,22916.5469

 bmuta,= 16,= 32, bmuta,= 16,= 32,28,716031,718353,720791,31,6078,277107,618063,16161.7036

 bmuta,= 16,= 32,31,69561,395946,720417,32,6078,305253,672101,14913.6956

 bmuta,= 16,= 32,31,69561,390200,720334,31,6078,293430,652736,28626.1835

 bmuta,= 16,= 32, bmuta,= 16,= 32,31,69561,395961,720417,32,6078,305253,672101,33072.212

 bmuta,= 16,= 32, bmuta,= 16,= 32,30,69561,385125,720381,31,6078,296072,672101,14398.8923

 bmuta,= 16,= 32, bmuta,= 16,= 32, bmuta,= 16,= 32,31,69561,390205,720506,31,6078,294040,671641,18408.118

 bmuta,= 16,= 32, bmuta,= 16,= 32,31,69561,390208,720554,31,6078,296270,671641,10264.8658

 bmuta,= 16,= 32, bmuta,= 16,= 32,30,69561,391141,720339,31,6078,299004,671057,40295.0583

 bmuta,= 16,= 32, bmuta,= 16,= 32, bmuta,= 16,= 32, bmuta,= 16,= 32, bmuta,= 16,= 32,32,69561,400523,720566,32,6078,305249,671641,16177.3037

 bmuta,= 16,= 32, bmuta,= 16,= 32, bmuta,= 16,= 32, bmuta,= 16,= 32,31,69561,395946,720417,32,6078,305253,672101,22417.3437

 bmuta,= 16,= 32, bmuta,= 16,= 32, bmuta,= 16,= 32, bmuta,= 16,= 32, bmuta,= 16,= 32, bmuta,= 16,= 32, bmuta,= 16,= 32, bmuta,= 16,= 32, bmuta,= 16,= 32, bmuta,= 16,= 32, bmuta,= 16,= 32, bmuta,= 16,= 32, bmuta,= 16,= 32,30,69561,385118,720436,31,6078,299023,671403,13837.2887

 bmuta,= 16,= 32, bmuta,= 16,= 32,30,69561,385129,720417,31,6078,296275,672101,15756.101

 bmuta,= 16,= 32,31,69561,390200,720334,31,6078,293430,652736,16770.1075

 bmuta,= 16,= 32, bmuta,= 16,= 32,30,69561,379205,720518,31,6078,296068,671641,13774.8883

 bmuta,= 16,= 32, bmuta,= 16,= 32,30,69561,385125,720381,31,6078,296072,672101,19125.7226

 bmuta,= 16,= 32, bmuta,= 16,= 32, bmuta,= 16,= 32,30,69561,379207,720506,31,6078,294040,671641,13213.2847

 bmuta,= 16,= 32, bmuta,= 16,= 32,31,69561,390200,720334,31,6078,293430,652736,17409.7116

 bmuta,= 16,= 32,31,69561,390200,720334,31,6078,293430,652736,40575.8601

 bmuta,= 16,= 32, bmuta,= 16,= 32,30,69561,379194,720294,30,6078,285011,652736,7456.8478

 bmuta,= 16,= 32,30,69561,379194,720294,30,6078,285011,652736,7144.8458

 bmuta,= 16,= 32, bmuta,= 16,= 32, bmuta,= 16,= 32, bmuta,= 16,= 32,31,69561,387869,720061,31,6078,295497,649651,15038.4964

 bmuta,= 16,= 32,31,69561,395977,720417,32,6078,305253,672101,15132.097

 bmuta,= 16,= 32,31,69561,390200,720334,31,6078,293430,652736,7222.8463

 bmuta,= 16,= 32,29,69561,373504,720170,30,6078,291043,671102,7737.6496

 bmuta,= 32,= 2048,2009,928,334774,524927,2011,0,332603,524393,91416.586

 bmuta,= 32,= 2048,2008,7037,313580,526949,2009,0,301368,525377,85519.7482

 bmuta,= 16,= 32,27,716031,718195,720284,29,6078,259126,618063,34070.6184

 bmuta,= 16,= 32,27,716031,718279,720701,31,6078,277137,618063,7191.6461

 bmuta,= 16,= 32,26,716031,718288,720674,30,6078,270962,618063,7098.0455

 bmuta,= 16,= 32,28,716031,718472,720928,32,6078,284109,618063,7347.6471

 bmuta,= 16,= 32,24,716031,718165,719946,32,6078,284109,618063,7956.051

 bmuta,= 16,= 32,23,716031,718144,719764,31,6078,278336,618063,7098.0455

 bmuta,= 16,= 32,32,69561,400523,720566,32,6078,305249,671641,7628.4489

 bmuta,= 32,= 2048,2013,7037,312062,528083,2013,0,301515,528019,23290.9493

 bmuta,= 32,= 2048,2012,4132,323549,525025,2013,0,312947,522937,24242.5554

 bmuta,= 32,= 2048,1998,4132,323081,523916,2000,0,312607,520550,21699.7391

 bmuta,= 32,= 2048,2000,4132,321473,525654,2000,0,311024,521460,23119.3482

 bmuta,= 32,= 2048,2007,4132,323686,524394,2007,0,313622,521874,22432.9438

 bmuta,= 32,= 2048,2008,4132,323055,526464,2011,0,312294,524222,19702.9263

 bmuta,= 128,= 4096,4096,2792,152000,244790,4096,0,120689,240495,35989.4307

 liam,= 128,= 4096,4096,60,95843,201716,4096,60,95843,201716,30061.3927

 liam,= 128,= 4096,4096,37,97894,196934,4096,37,97894,196934,30513.7956

 liam,= 32,= 2048,2020,296,270632,577632,2020,296,270632,577632,21044.5349

 bmuta,= 32,= 2048,2006,7037,312143,529343,2007,0,301011,526685,25537.3637

 bmuta,= 32,= 2048,2004,7037,312043,529197,2007,0,300279,526264,26332.9688

 bmuta,= 128,= 4096,4096,2792,152000,244790,4096,0,120689,240495,39546.2535

 bmuta,= 128,= 4096,4096,2792,152000,244790,4096,0,120689,240495,47595.9051

 bmuta,= 128,= 4096,4096,2792,152000,244790,4096,0,120689,240495,43555.4792

 bmuta,= 128,= 4096,4096,2792,152000,244790,4096,0,120689,240495,45380.6909

 bmuta,= 32,= 2048,1994,7037,312102,528646,1997,0,301137,525133,27955.3792

 bmuta,= 128,= 4096,4096,2792,152000,244790,4096,0,120689,240495,41324.6649

 bmuta,= 128,= 4096,4096,2792,152000,244790,4096,0,120689,240495,43976.6819

 bmuta,= 128,= 4096,4096,2792,152000,244790,4096,0,120689,240495,41714.6674

 bmuta,= 128,= 4096,4096,2792,152000,244790,4096,0,120689,240495,40248.258

 bmuta,= 128,= 4096,4096,2792,152000,244790,4096,0,120689,240495,42822.2745

 bmuta,= 128,= 4096,4096,2792,152000,244790,4096,0,120689,240495,38282.6454

 bmuta,= 32,= 2048,1996,7037,309868,528927,2000,0,299321,524068,25256.5619

 bmuta,= 32,= 2048,2008,2689,336170,522880,2008,0,331682,522522,27034.9733

 bmuta,= 128,= 4096,4096,1031,165020,263009,4096,0,155171,258422,64256.8119

 bmuta,= 128,= 4096,4096,3604,155795,260248,4096,0,100594,236448,41433.8656

 bmuta,= 128,= 4096,4096,3604,155795,260248,4096,0,100594,236448,46722.2995

 bmuta,= 128,= 4096,4096,3604,155795,260248,4096,0,100594,236448,42307.4712

 bmuta,= 128,= 4096,4096,3604,155795,260248,4096,0,100594,236448,44569.4857

 bmuta,= 128,= 4096,4096,3604,155795,260248,4096,0,100594,236448,42681.8736

 bmuta,= 128,= 4096,4096,2792,152000,244790,4096,0,120689,240495,40482.2595

 bmuta,= 128,= 4096,4096,2792,152000,244790,4096,0,120689,240495,42416.6719

 bmuta,= 128,= 4096,4096,2792,152000,244790,4096,0,120689,240495,40653.8606

 liam,= 128,= 4096,4096,36,97343,196716,4096,36,97343,196716,29125.3867

 liam,= 128,= 4096,4096,74,99187,196684,4096,74,99187,196684,29421.7886

 liam,= 16,= 32,29,5145,396670,850743,29,5145,396670,850743,10857.6696

 bmuta,= 16,= 32,26,716031,718342,720700,31,6078,280067,618063,8408.4539

 bmuta,= 16,= 32,32,69561,400523,720566,32,6078,305249,671641,8689.2557

 bmuta,= 128,= 4096,4096,1859,152093,240526,4096,0,136360,230942,44912.6879

 bmuta,= 128,= 4096,4096,1859,152093,240526,4096,0,136360,230942,47517.9046

 bmuta,= 128,= 4096,4096,1859,152093,240526,4096,0,136360,230942,50637.9246

 bmuta,= 128,= 4096,4096,3001,153415,242953,4096,0,116525,213092,39437.0528

 bmuta,= 128,= 4096,4096,3001,153415,242953,4096,0,116525,213092,44117.0828

 bmuta,= 128,= 4096,4096,4329,150173,253157,4096,0,83280,238094,38813.0488

 bmuta,= 128,= 4096,3260,5984,119824,194430,4096,0,53905,158625,31262.6004

 bmuta,= 128,= 4096,3260,5984,119824,194430,4096,0,53905,158625,30669.7966

 bmuta,= 128,= 4096,4096,4946,137927,239056,4096,0,64824,196155,35443.4272

 bmuta,= 128,= 4096,4096,4946,137927,239056,4096,0,64824,196155,34398.2205

 bmuta,= 32,= 2048,1994,23035,319061,528777,2003,0,266582,520588,21652.9388

 bmuta,= 32,= 2048,1999,23035,320487,529256,2011,0,266889,509910,22152.142

 bmuta,= 32,= 2048,2009,23035,321509,532493,2016,0,268712,520305,21746.5394

 bmuta,= 16,= 32,27,716293,718385,720424,32,6078,284109,618063,8829.6566

 bmuta,= 16,= 32,28,716293,718391,720889,32,6078,284109,618063,8299.2532

 bmuta,= 16,= 32,25,716031,718203,719938,30,6078,266996,618063,8517.6546

 bmuta,= 16,= 32,22,716293,718471,720253,32,6078,284109,618063,8174.4524

 bmuta,= 16,= 32,27,716031,718500,720919,31,6078,274626,618063,8221.2527

 bmuta,= 128,= 4096,4096,4946,137927,239056,4096,0,64824,196155,34554.2215

 bmuta,= 128,= 4096,3260,5984,119824,194430,4096,0,53905,158625,30217.3937

 bmuta,= 128,= 4096,2617,6397,110274,165964,4096,0,49426,130081,26800.9718

 bmuta,= 128,= 4096,2617,6397,110274,165964,4096,0,49426,130081,27752.5779

 bmuta,= 16,= 32,27,716031,718269,720679,31,6078,273336,580444,8595.6551

 bmuta,= 128,= 4096,2617,6397,110274,165964,4096,0,49426,130081,30622.9963

 bmuta,= 128,= 4096,2617,6397,110274,165964,4096,0,49426,130081,29546.5894

 bmuta,= 32,= 2048,2011,33940,316549,532201,2021,0,251353,528507,20872.9338

 bmuta,= 16,= 32,28,716031,718484,720928,32,6078,284109,618063,18673.3197

 bmuta,= 128,= 4096,2617,6397,110274,165964,4096,0,49426,130081,28828.9848

 bmuta,= 128,= 4096,4096,4743,142096,244006,4096,0,69759,239460,37627.4412

 bmuta,= 128,= 4096,4096,4743,142096,244006,4096,0,69759,239460,36660.235

 bmuta,= 128,= 4096,4096,4743,142096,244006,4096,0,69759,239460,33821.0168

 liam,= 128,= 4096,4096,70,98123,192409,4096,70,98123,192409,26348.5689

 liam,= 128,= 4096,4096,87,101131,192646,4096,87,101131,192646,24757.3587

 liam,= 128,= 4096,4096,98,99280,191381,4096,98,99280,191381,25833.7656

 bmuta,= 128,= 4096,4096,4329,150173,253157,4096,0,83280,238094,35537.0278

 bmuta,= 128,= 4096,4096,2792,152000,244790,4096,0,120689,240495,35552.6279

 bmuta,= 128,= 4096,4096,2792,152000,244790,4096,0,120689,240495,36894.2365

 bmuta,= 128,= 4096,4096,3604,155795,260248,4096,0,100594,236448,38048.6439

 bmuta,= 128,= 4096,4096,4537,143858,248312,4096,0,74438,242562,35115.8251

 bmuta,= 128,= 4096,4096,4537,143858,248312,4096,0,74438,242562,33041.0118

 bmuta,= 128,= 4096,4096,4537,143858,248312,4096,0,74438,242562,34616.6219

 bmuta,= 128,= 4096,4096,4946,137927,239056,4096,0,64824,196155,32604.209

 bmuta,= 128,= 4096,4096,4946,137927,239056,4096,0,64824,196155,32448.208

 bmuta,= 128,= 4096,2127,7226,105279,147932,4096,0,44217,112336,25162.9613

 bmuta,= 128,= 4096,2127,7226,105279,147932,4096,0,44217,112336,26020.9668

 bmuta,= 128,= 4096,2127,7226,105279,147932,4096,0,44217,112336,54896.7519

 bmuta,= 128,= 4096,2127,7226,105279,147932,4096,0,44217,112336,155642.1977

 bmuta,= 16,= 128,104,716028,725531,734942,119,3710,376856,657271,37003.4372

 bmuta,= 16,= 128,105,716028,726230,735663,122,3710,380522,657271,8127.6521

 bmuta,= 16,= 128,104,716028,726945,736539,124,3710,384988,657271,9843.6631

 liam,= 16,= 128,120,17430,446729,876684,120,17430,446729,876684,8720.4559

 liam,= 16,= 128,124,11488,439087,881080,124,11488,439087,881080,8548.8548

 liam,= 16,= 128,124,5407,418985,884434,124,5407,418985,884434,8860.8568

 bmuta,= 16,= 128,108,645645,712420,732716,119,3710,379640,657271,7753.2497

 bmuta,= 16,= 128,109,643151,701113,731708,120,3710,376002,664504,7722.0495

 bmuta,= 16,= 128,120,370154,517568,733816,124,3710,399308,708226,7971.6511

 bmuta,= 16,= 128,117,370154,522774,734699,119,3710,393853,705605,8923.2572

 bmuta,= 16,= 128,119,81942,434835,729124,119,3710,413478,729023,8954.4574

 bmuta,= 16,= 128,116,81942,429279,731393,116,3710,408409,727201,8611.2552

 bmuta,= 16,= 128,119,81942,436006,733922,119,3710,412682,728904,11169.6716

 bmuta,= 16,= 128,122,81942,439699,734709,122,3710,419634,730087,10576.8678

 bmuta,= 16,= 128,122,81942,440331,734443,123,3710,419760,728233,8814.0565

 bmuta,= 16,= 128,117,81942,438193,728845,118,3710,419415,728720,9765.6626

 bmuta,= 16,= 128,112,632740,695551,730978,125,3710,385787,657271,7737.6496

 bmuta,= 16,= 128,112,632740,683500,725310,122,3710,384145,664504,7909.2507

 bmuta,= 16,= 128,108,643270,711308,732350,121,3710,379166,657271,361220.3155

 bmuta,= 16,= 128,63,645645,703916,754057,123,3710,382924,657271,883230.8617

 bmuta,= 16,= 128,114,642698,697283,732438,124,3710,383231,664504,27019.3732

 bmuta,= 16,= 128,118,369871,507143,677675,119,3710,386876,670967,8814.0565

 bmuta,= 16,= 128,123,369871,509276,732936,126,3710,396931,663315,9984.064

 bmuta,= 16,= 128,122,369871,511619,668779,124,3710,395276,666630,10467.6671

 bmuta,= 16,= 128,116,369871,502451,688827,117,3710,381771,684455,280786.1999

 bmuta,= 16,= 128,119,369871,505725,686034,120,3710,388044,679521,9032.4579

 bmuta,= 128,= 4096, bmuta,= 128,= 4096, bmuta,= 16,= 128, bmuta,= 16,= 128,78,715368,733030,750189,122,3710,380795,649841,103725.0649

 bmuta,= 16,= 128, bmuta,= 16,= 128, bmuta,= 16,= 128,109,715368,729551,742013,123,3710,383354,657271,61698.3955

 bmuta,= 16,= 128, bmuta,= 16,= 128,105,715368,730180,743158,120,3710,377474,657271,79248.508

 bmuta,= 16,= 128,109,715368,730552,743197,125,3710,385040,657271,57501.9686

 bmuta,= 16,= 128, bmuta,= 16,= 128,123,81677,421777,708806,123,3710,407034,700703,39967.4562

 bmuta,= 16,= 128,120,81677,414756,701526,121,3710,400821,697374,29031.7861

 bmuta,= 16,= 32,31,69216,448565,601165,32,6078,279726,554169,8595.6551

 bmuta,= 16,= 32,31,69216,448511,600850,32,6078,279726,554169,7410.0475

 bmuta,= 16,= 64,63,234866,437529,729034,63,19881,374974,720733,27315.7751

 bmuta,= 16,= 64,62,234866,433425,728725,62,19881,369628,719965,31543.4022

 bmuta,= 16,= 64,62,234866,431932,724733,62,19881,371128,720785,17284.9108

 bmuta,= 32,= 32, bmuta,= 32,= 32, bmuta,= 32,= 32, bmuta,= 16,= 128,120,81677,423137,702071,121,3710,408413,700063,10124.4649

 bmuta,= 128,= 4096, bmuta,= 16,= 64, bmuta,= 16,= 128, bmuta,= 32,= 32, bmuta,= 16,= 64, bmuta,= 16,= 128, bmuta,= 16,= 32,30,715499,724988,734706,32,6078,284109,618063,37377.8396

 bmuta,= 16,= 32,26,715499,722286,730536,32,6078,284109,618063,64132.0111

 bmuta,= 16,= 32,29,715499,724756,733517,32,6078,284109,618063,38781.8486

 bmuta,= 16,= 32, bmuta,= 16,= 32,25,715499,723623,730942,30,6078,268431,618063,29281.3877

 bmuta,= 16,= 32,24,715767,723865,730841,32,6078,284109,618063,39203.0513

 bmuta,= 16,= 32,32,69216,453344,603157,32,6078,279726,554169,179572.7511

 bmuta,= 16,= 32,30,69216,550090,727448,31,6078,275533,554169,16894.9083

 bmuta,= 16,= 32,31,69216,448577,601165,32,6078,279726,554169,7176.046

 bmuta,= 16,= 32,29,69216,438254,597156,31,6078,271669,554169,6848.4439

 bmuta,= 16,= 32,26,69216,420194,590861,32,6078,279726,554169,6770.4434

 bmuta,= 16,= 32,30,69216,443488,599135,30,6078,266037,554169,7332.047

 bmuta,= 16,= 32,27,69216,426628,593217,30,6078,264026,554169,6786.0435

 bmuta,= 16,= 32,30,715499,727967,737234,31,6078,277137,618063,36894.2365

 bmuta,= 16,= 128,75,715368,735210,750411,121,3710,380905,657271,50856.326

 bmuta,= 16,= 32, bmuta,= 16,= 32,27,715499,727165,736071,30,6078,267162,618063,31012.9988

 bmuta,= 16,= 32, bmuta,= 16,= 32, bmuta,= 16,= 32, bmuta,= 16,= 32,25,715499,725803,733430,31,6078,274550,618063,25552.9638

 bmuta,= 16,= 32, bmuta,= 16,= 32,30,715499,717163,719052,32,6078,284109,618063,29889.7916

 bmuta,= 16,= 32,26,715499,717033,718647,32,6078,284109,618063,7784.4499

 bmuta,= 16,= 32,26,715499,716990,718778,31,6078,274550,618063,8080.8518

 bmuta,= 16,= 32, bmuta,= 16,= 32, bmuta,= 16,= 32,30,69216,443563,599171,32,6078,279726,554169,7332.047

 bmuta,= 16,= 32,31,69216,448559,601165,32,6078,279726,554169,110043.1054

 bmuta,= 16,= 32,29,69216,438128,596861,32,6078,279726,554169,7519.2482

 bmuta,= 16,= 32,29,69216,438229,597117,31,6078,271821,554169,7098.0455

 bmuta,= 16,= 32,29,69216,438193,597173,31,6078,275512,554169,7191.6461

 bmuta,= 16,= 32,31,69216,448569,601165,32,6078,279726,554169,7300.8468

 bmuta,= 16,= 32,27,715499,716911,718395,32,6078,284109,618063,8626.8553

 bmuta,= 16,= 32,32,715499,717037,718395,32,6078,284109,618063,8268.053

 bmuta,= 16,= 64,59,715938,718989,722555,61,19881,315201,643679,11294.4724

 bmuta,= 16,= 64,57,715938,718868,722515,62,19881,317925,643679,8892.057

 bmuta,= 16,= 64,54,715938,718714,722507,61,19881,315695,629475,8985.6576

 bmuta,= 16,= 64,59,715938,718974,722507,62,19881,318208,643679,302985.1422

 bmuta,= 16,= 64,61,234866,420937,672871,61,19881,353200,672770,168403.0795

 bmuta,= 16,= 64,61,234866,433257,726055,61,19881,362786,714986,10202.4654

 bmuta,= 128,= 4096, bmuta,= 128,= 4096,4096,4946,112183,173954,4096,0,63358,168526,54054.3465

 bmuta,= 128,= 4096,4096,4946,112183,173954,4096,0,63358,168526,196888.8621

 bmuta,= 128,= 4096,4096,4946,112183,173954,4096,0,63358,168526,60216.386

 bmuta,= 16,= 64,48,715938,718239,720712,63,19881,322996,643679,16224.104

 bmuta,= 16,= 32,29,715499,716933,718328,32,6078,284109,618063,7690.8493

 bmuta,= 16,= 64,52,715657,718543,722371,61,19881,316130,643679,8127.6521

 bmuta,= 16,= 64,59,715938,718951,722556,64,19881,327290,643679,8283.6531

 bmuta,= 128,= 4096,4096,4946,111999,172373,4096,0,63423,171663,34398.2205

 bmuta,= 128,= 4096,4096,4946,111999,172373,4096,0,63423,171663,34179.8191

 bmuta,= 32,= 2048, bmuta,= 32,= 2048,2008,23035,303228,507096,2014,0,257702,494798,145845.3349

 bmuta,= 32,= 2048,2015,23035,303104,507544,2021,0,258965,506861,26176.9678

 bmuta,= 32,= 2048,2003,23035,302130,506309,2011,0,257959,502207,22573.3447

 bmuta,= 32,= 2048,2019,23035,302945,509287,2024,0,259833,505922,30045.7926

 bmuta,= 16,= 128,114,715368,721809,729412,124,3710,383292,657271,9313.2597

 bmuta,= 32,= 256,256,358247,366498,375119,256,1,171699,340757,8782.8563

 liam,= 16,= 32,30,30931,425217,869709,30,30931,425217,869709,122367.1844

 bmuta,= 16,= 32,30,69216,547144,719328,32,6078,279248,554963,375619.2078

 bmuta,= 16,= 32,30,69216,547145,719320,31,6078,270489,554963,7176.046

 bmuta,= 16,= 32,29,69216,541223,719353,31,6078,270354,550773,185485.189

 bmuta,= 16,= 32,29,69216,541215,719331,31,6078,272984,554963,350846.249

 bmuta,= 16,= 32,29,69216,541212,719353,32,6078,279248,554963,7378.8473

 bmuta,= 16,= 32,27,69216,528050,719410,32,6078,279248,554963,6973.2447

 bmuta,= 16,= 32,25,69216,512803,719048,30,6078,265718,550773,7472.4479

 bmuta,= 16,= 32,30,69216,547145,719353,32,6078,279248,554963,7082.4454

 bmuta,= 16,= 32, liam,= 16,= 32, liam,= 16,= 32, bmuta,= 16,= 32, bmuta,= 16,= 32,28,69216,535129,719337,30,6078,262099,554963,24024.154

 bmuta,= 16,= 32,29,69216,541417,719405,31,6078,270489,554963,8954.4574

 bmuta,= 32,= 32,32,358239,358678,359148,32,19880,150559,293832,8299.2532

 bmuta,= 16,= 128,118,81677,406879,737233,120,3710,388928,687999,13353.6856

 bmuta,= 16,= 128,115,369871,506555,733339,120,3710,384960,662742,11216.4719

 bmuta,= 10,= 32, bmuta,= 10,= 32, bmuta,= 10,= 32,18,1143732,1144863,1147236,27,20395,514363,980153,101759.4523

 bmuta,= 10,= 64,58,4282,294675,1163105,59,2750,184565,1159963,48703.5122

 bmuta,= 10,= 64, bmuta,= 10,= 64, bmuta,= 10,= 64,59,371213,576177,1157406,60,6492,443703,1155458,231240.2823

 bmuta,= 10,= 32, bmuta,= 10,= 64, bmuta,= 32,= 32,32,358239,358678,359148,32,19880,150559,293832,96299.4173

 bmuta,= 32,= 32,32,358239,358678,359148,32,19880,150559,293832,33852.217

 bmuta,= 32,= 32,32,358239,358678,359148,32,19880,150559,293832,52353.9356

 bmuta,= 32,= 32, liam,= 32,= 32,32,4172,208006,433683,32,4172,208006,433683,131914.4456

 bmuta,= 128,= 4096, bmuta,= 32,= 256,256,177861,281020,377811,256,1,175153,377626,152834.1797

 bmuta,= 16,= 128,103,642698,706880,726813,118,3710,374109,657271,261847.6785

 bmuta,= 32,= 256, bmuta,= 32,= 256, bmuta,= 32,= 256, bmuta,= 32,= 256,256,177861,281020,377811,256,1,175153,377626,49249.5157

 bmuta,= 32,= 256, bmuta,= 16,= 128, bmuta,= 32,= 256,256,177861,281020,377811,256,1,175153,377626,379129.2303

 bmuta,= 128,= 4096, bmuta,= 128,= 4096,4096,1859,103509,183090,4096,0,96865,179911,102633.0579

 bmuta,= 128,= 4096,4096,1859,103509,183090,4096,0,96865,179911,109715.5033

 bmuta,= 128,= 4096,2930,7226,110513,148088,4096,0,44217,112336,25006.9603

 bmuta,= 128,= 4096,4096,5465,113436,174368,4096,0,57427,171659,54912.352

 bmuta,= 128,= 4096,4096,5465,113436,174368,4096,0,57427,171659,196514.4597

 bmuta,= 128,= 4096,4096,5465,113436,174368,4096,0,57427,171659,42853.4747

 bmuta,= 128,= 4096,4096,5465,113436,174368,4096,0,57427,171659,45833.0938

 bmuta,= 128,= 4096, bmuta,= 128,= 4096,4096,5465,113436,174368,4096,0,57427,171659,43212.277

 bmuta,= 32,= 2048,2029,26564,280393,515530,2034,0,237069,510379,28594.9833

 bmuta,= 128,= 4096,4096,5465,113436,174368,4096,0,57427,171659,49717.5187

 bmuta,= 128,= 4096,4096,2792,105339,176264,4096,0,92860,171557,77969.2998

 bmuta,= 128,= 4096,4096,4329,108139,172593,4096,0,71115,166880,36722.6354

 bmuta,= 128,= 4096,4096,4329,108139,172593,4096,0,71115,166880,36519.8341

 bmuta,= 128,= 4096,4096,4329,108139,172593,4096,0,71115,166880,33306.2135

 bmuta,= 128,= 4096,4096,4329,108139,172593,4096,0,71115,166880,31231.4002

 bmuta,= 128,= 4096,4096,4329,108139,172593,4096,0,71115,166880,32276.6069

 bmuta,= 128,= 4096,4096,4329,108139,172593,4096,0,71115,166880,306619.9655

 bmuta,= 128,= 4096,4096,4329,108139,172593,4096,0,71115,166880,33899.0173

 bmuta,= 16,= 32, bmuta,= 128,= 4096,4096,4329,107793,172981,4096,0,71198,168309,31683.8031

 bmuta,= 16,= 32,29,69216,541237,719331,32,6078,279248,554963,486067.9158

 bmuta,= 16,= 32,28,69216,534867,719281,31,6078,271484,554963,7628.4489

 bmuta,= 16,= 32,27,69216,528053,719331,31,6078,271411,554963,7519.2482

 bmuta,= 16,= 128, bmuta,= 16,= 128,116,81677,408127,736317,117,3710,386266,707583,11622.0745

 bmuta,= 16,= 32,32,69216,557886,719328,32,6078,279248,554963,7488.048

 bmuta,= 32,= 256,256,65609,201757,382317,256,1,190549,381775,14430.0925

 bmuta,= 32,= 256,256,65609,201757,382317,256,1,190549,381775,286776.6383

 bmuta,= 16,= 32,30,69216,443516,599172,32,6078,279726,554169,7768.8498

 bmuta,= 16,= 32,27,69216,426667,593157,31,6078,271669,554169,21387.7371

 bmuta,= 16,= 64,58,234866,429711,724915,59,19881,360848,718163,53196.341

 bmuta,= 32,= 32, bmuta,= 32,= 32,32,358239,358678,359148,32,19880,150559,293832,21247.3362

 bmuta,= 32,= 2048, bmuta,= 32,= 2048,2015,2679,309159,509274,2015,0,306339,506497,20529.7316

 bmuta,= 128,= 4096,4096,4946,111141,171968,4096,0,63320,171357,22526.5444

 bmuta,= 16,= 32, bmuta,= 16,= 64, bmuta,= 16,= 128, bmuta,= 16,= 128, bmuta,= 32,= 32, bmuta,= 32,= 64, bmuta,= 32,= 256, bmuta,= 32,= 256,255,65609,201053,382299,255,1,189802,381775,208744.9381

 bmuta,= 16,= 32,28,715499,716891,718345,30,6078,267011,580444,118857.1619

 bmuta,= 16,= 64,48,716064,718268,720692,62,19881,321935,643679,77875.6992

 bmuta,= 32,= 64,64,358203,359811,361436,64,6489,134791,316514,50138.7214

 bmuta,= 32,= 256,256,65609,201757,382317,256,1,190549,381775,13962.0895

 bmuta,= 32,= 128,128,94159,200034,370304,128,3092,167475,354639,10686.0685

 bmuta,= 128,= 4096,4096,616,113719,198947,4096,0,112609,198577,203269.303

 bmuta,= 128,= 4096,4096,4329,107793,172981,4096,0,71198,168309,420282.2941

 bmuta,= 16,= 32,31,9063,374990,666592,31,6078,340769,664490,28922.5854

 bmuta,= 16,= 32,29,9063,360457,718387,29,6078,327647,718286,9219.6591

 bmuta,= 16,= 32,30,9063,387081,721338,30,6078,342355,717223,10639.2682

 bmuta,= 16,= 64,62,38110,336519,649979,62,19881,323510,647838,10795.2692

 bmuta,= 10,= 32,29,117316,506110,1151862,30,20395,470492,1099785,235935.9124

 bmuta,= 10,= 32, bmuta,= 10,= 32,32,6163,31802,51905,32,1686,29390,49936,69404.8449

 bmuta,= 10,= 32,32,2062,12162,21363,32,376,10730,20784,87220.1591

 bmuta,= 10,= 32,32,6163,31802,51905,32,1686,29390,49936,117078.7505

 bmuta,= 10,= 32,32,6163,31921,50821,32,1686,28372,47743,102757.8587

 bmuta,= 10,= 32,32,6163,31921,50821,32,1686,28372,47743,49951.5202

 bmuta,= 10,= 32,32,6163,31921,50821,32,1686,28372,47743,52119.9341

 bmuta,= 10,= 32,32,2062,12162,21363,32,376,10730,20784,47408.7039

 bmuta,= 10,= 32, bmuta,= 32,= 128,128,519,17563,36226,128,102,15635,34745,103147.8612

 bmuta,= 32,= 128,128,1151,15586,26512,128,102,9494,21402,53430.3425

 bmuta,= 10,= 32, bmuta,= 10,= 32, bmuta,= 32,= 128, bmuta,= 32,= 128, bmuta,= 32,= 128,128,1151,15586,26512,128,102,9494,21402,29546.5894

 bmuta,= 32,= 128, bmuta,= 10,= 32, bmuta,= 10,= 32,32,2062,12162,21363,32,376,10730,20784,111135.1124

 bmuta,= 10,= 32,32,2062,12162,21363,32,376,10730,20784,93101.3968

 bmuta,= 16,= 64,64,2708,28212,51010,64,79,25030,47918,33930.2175

 bmuta,= 16,= 64, bmuta,= 10,= 32,32,2062,12162,21363,32,376,10730,20784,37643.0413

 bmuta,= 10,= 32,32,2062,12162,21363,32,376,10730,20784,99107.4353

 bmuta,= 10,= 32,32,2062,12162,21363,32,376,10730,20784,142912.5161

 bmuta,= 10,= 32,32,2062,12162,21363,32,376,10730,20784,161445.4349

 bmuta,= 16,= 64, bmuta,= 32,= 128,128,590,7890,13705,128,1,2622,6307,39359.0523

 bmuta,= 32,= 128, bmuta,= 32,= 128,128,1151,15586,26512,128,102,9494,21402,87298.1596

 bmuta,= 16,= 64,64,815,14819,22649,64,22,7836,17265,135861.2709

 bmuta,= 16,= 64, bmuta,= 16,= 64,64,815,14819,22649,64,22,7836,17265,131290.4416

 bmuta,= 10,= 32,32,2157,12251,19170,32,476,5865,13434,124.8008

 bmuta,= 10,= 32,32,2157,12251,19170,32,476,5865,13434,58593.9756

 bmuta,= 10,= 32, bmuta,= 64,= 1096,900,2333,24590,60660,900,20,14174,56059,2667.6171

 bmuta,= 64,= 1096, bmuta,= 64,= 1096,900,955,19240,39675,900,0,10578,25037,2012.4129

 bmuta,= 64,= 1096, bmuta,= 32,= 128, bmuta,= 32,= 128, bmuta,= 10,= 32, bmuta,= 16,= 32, bmuta,= 16,= 128, bmuta,= 16,= 256, bmuta,= 16,= 256, bmuta,= 16,= 128, bmuta,= 16,= 128, bmuta,= 16,= 128, bmuta,= 16,= 128, bmuta,= 16,= 128,128,235,18292,37547,128,10,17718,37372,81816.364

